[
    {
        "label": "Et harum quidem rerum facilis est et expedita distinctio. Nam libero tempore, cum soluta nobis est eligendi optio",
        "linkHref": "/about-us",
        "linkText": "About us",
        "paragraphs": [
            "If you are going to use a passage of Lorem Ipsum, you need to be sure there isn&apos;t anything embarrassing hidden in the middle of text. All the Lorem Ipsum generators on the Internet tend to repeat predefined chunks as necessary, making this the first true generator on the Inte",
            "There are many variations of passages of Lorem Ipsum available, but the majority have suffered alteration in some form, by injected humour, or randomised words which don&apos;t look even slightly believable. If you are going to use a passage of Lorem Ipsum, you need to be sure there isn&apos;t anything embarrassing hidden in the middle of text."
        ],
        "image":"/images/about.png",
        "alt":"image"
    }
]