[
    {
        "image": "/images/gallery-1.png",
        "slug": "portfolio-details"
    },
    {
        "image": "/images/gallery-2.png",
        "slug": "portfolio-details"
    },
    {
        "image": "/images/gallery-3.png",
        "slug": "portfolio-details"
    },
    {
        "image": "/images/gallery-4.png",
        "slug": "portfolio-details"
    },
    {
        "image": "/images/gallery-5.png",
        "slug": "portfolio-details"
    },
    {
        "image": "/images/gallery-6.png",
        "slug": "portfolio-details"
    }
]