[
    {
        "title": "Contact Us",
        "address": [
            {
                "label": "3 Longbranch Court, Athens,ga, 30605 United States"
            },
            {
                "slug": "tel:+1-310-980-1224",
                "label": "524 6544 954"
            },
            {
                "slug": "mailto:info@webbycrown.com",
                "label": "adding_hearts39@gmail.com"
            }
        ],
        "location_link": "https://www.google.com/maps/embed?pb=!1m14!1m8!1m3!1d12097.433213460943!2d-74.0062269!3d40.7101282!3m2!1i1024!2i768!4f13.1!3m3!1m2!1s0x0%3A0xb89d1fe6bc499443!2sDowntown+Conference+Center!5e0!3m2!1smk!2sbg!4v1539943755621"
    }
]