[
    {
        "slug": "/",
        "logo": "/images/footer_logo.png",
        "alt": "footer_image",
        "label": "All the Lorem Ipsum generators on the Internet tend to repeat predefined chunks as necessary",
        "links": [
            {
                "href": "#",
                "text": "@ 2022 Adding Hearts camp"
            },
            {
                "href": "#",
                "text": "Terms Of Site"
            },
            {
                "href": "#",
                "text": "Legal"
            }
        ],
        "socialIcons": [
            {
                "href": "#",
                "iconClass": "fa-facebook-f"
            },
            {
                "href": "#",
                "iconClass": "fa-instagram"
            },
            {
                "href": "#",
                "iconClass": "fa-twitter"
            }
        ]
    }
]