[
    {
        "logo": "/images/logo.png",
        "dark_logo": "/images/black-logo.png",
        "menu": [
            {
                "slug": "/help-me",
                "title": "Help me"
            },
            {
                "slug": "/about-us",
                "title": "About us"
            },
            {
                "slug": "/donation",
                "title": "Donation"
            },
            {
                "slug": "/news",
                "title": "News"
            },
            {
                "slug": "/portfolio",
                "title": "Portfolio"
            },
            {
                "slug": "/contact",
                "title": "Contact us"
            },
            {
                "slug": "/donation-form",
                "title": "Pages",
                "sub_menu": [
                    {
                        "slug": "/donation-form",
                        "title": "Donation Form"
                    },
                    {
                        "slug": "/donation-success",
                        "title": "Donation Success"
                    },
                    {
                        "slug": "/news-details",
                        "title": "News Details"
                    },
                    {
                        "slug": "/portfolio-details",
                        "title": "Portfolio Details"
                    }
                ]
            }
        ],
        "btn_label": "Donate",
        "btn_slug": "/donation"
    }
]