[
    {
        "title": "Latest News",
        "label": "Et harum quidem rerum facilis est et expedita distinctio. Nam libero tempore, cum soluta nobis est eligendi optio cumque nihil impedit quo minus id quod maxime placeat facere possimus",
        "detail": [
            {
                "slug": "/news-details",
                "image": "/images/news-1.png",
                "alt": "news-1",
                "date": "10 jun,2022",
                "label": "Itaque earum rerum hic tenetur a sapiente delectus, ut aut reiciendis"
            },
            {
                "slug": "/news-details",
                "image": "/images/news-2.png",
                "alt": "news-2",
                "date": "10 jun,2022",
                "label": "Itaque earum rerum hic tenetur a sapiente delectus, ut aut reiciendis"
            },
            {
                "slug": "/news-details",
                "image": "/images/news-3.png",
                "alt": "news-3",
                "date": "10 jun,2022",
                "label": "Itaque earum rerum hic tenetur a sapiente delectus, ut aut reiciendis"
            },
            {
                "slug": "/news-details",
                "image": "/images/news-4.png",
                "alt": "news-4",
                "date": "10 jun,2022",
                "label": "Itaque earum rerum hic tenetur a sapiente delectus, ut aut reiciendis"
            },
            {
                "slug": "/news-details",
                "image": "/images/news-5.png",
                "alt": "news-5",
                "date": "10 jun,2022",
                "label": "Itaque earum rerum hic tenetur a sapiente delectus, ut aut reiciendis"
            },
            {
                "slug": "/news-details",
                "image": "/images/news-6.png",
                "alt": "news-6",
                "date": "10 jun,2022",
                "label": "Itaque earum rerum hic tenetur a sapiente delectus, ut aut reiciendis"
            }
        ],
        "btn_slug": "/news",
        "btn_label": "Load More"
    }
]