[
    {
        "title": "Portfolio",
        "label": "There are many variations of passages of Lorem Ipsum available, but the majority have suffered alteration in some form, by injected humour",
        "detail": [
            {
                "slug": "/portfolio-details",
                "title": "Rural Children",
                "image": "/images/image-1.png",
                "alt": "image-1"
            },
            {
                "slug": "/portfolio-details",
                "title": "Rural Children",
                "image": "/images/image-2.png",
                "alt": "image-2"
            },
            {
                "slug": "/portfolio-details",
                "title": "Rural Children",
                "image": "/images/image-3.png",
                "alt": "image-3"
            },
            {
                "slug": "/portfolio-details",
                "title": "Rural Children",
                "image": "/images/image-4.png",
                "alt": "image-4"
            },
            {
                "slug": "/portfolio-details",
                "title": "Rural Children",
                "image": "/images/image-5.png",
                "alt": "image-5"
            },
            {
                "slug": "/portfolio-details",
                "title": "Rural Children",
                "image": "/images/image-6.png",
                "alt": "image-6"
            },
            {
                "slug": "/portfolio-details",
                "title": "Rural Children",
                "image": "/images/image-7.png",
                "alt": "image-7"
            }
        ],
        "btn_slug": "/portfolio",
        "btn_label": "Load More"
    }
]