{
    "http_url": "https://adding-hearts.vercel.app",
    "favicon": "/images/Site-logo.png",
    "site_type": "website",
    "site_name": "Adding Hearts",
    "image_width": "1200",
    "image_height": "630",
    "home_meta": {
        "title": "Adding Hearts-Home",
        "og_title": "Adding Hearts is the best",
        "description": "Adding Hearts is the best place.",
        "locale": "en_US",
        "image": "https://adding-hearts.vercel.app/images/Donation OG Image.png",
        "image_alt": "hero-benner-1",
        "twitter_card": "summary_large_image",
        "twitter_image": "https://adding-hearts.vercel.app/images/Donation OG Image.png",
        "twitter_title": "Adding Hearts is the best place.",
        "twitter_description": "Adding Hearts is the best place.",
        "twitter_site": "@Adding Hearts",
        "twitter_creator": "@Adding Hearts"
    },
    "about_us_meta": {
        "title": "Adding Hearts-About-us",
        "og_title": "Adding Hearts is the best",
        "description": "Adding Hearts is the best place.",
        "locale": "en_US",
        "image": "https://adding-hearts.vercel.app/images/Donation OG Image.png",
        "image_alt": "hero-benner-1",
        "twitter_card": "summary_large_image",
        "twitter_image": "https://adding-hearts.vercel.app/images/Donation OG Image.png",
        "twitter_title": "Adding Hearts is the best place.",
        "twitter_description": "Adding Hearts is the best place.",
        "twitter_site": "@Adding Hearts",
        "twitter_creator": "@Adding Hearts"
    },
    "contact_meta": {
        "title": "Adding Hearts-Contact",
        "og_title": "Adding Hearts is the best",
        "description": "Adding Hearts is the best place.",
        "locale": "en_US",
        "image": "https://adding-hearts.vercel.app/images/Donation OG Image.png",
        "image_alt": "hero-benner-1",
        "twitter_card": "summary_large_image",
        "twitter_image": "https://adding-hearts.vercel.app/images/Donation OG Image.png",
        "twitter_title": "Adding Hearts is the best place.",
        "twitter_description": "Adding Hearts is the best place.",
        "twitter_site": "@Adding Hearts",
        "twitter_creator": "@Adding Hearts"
    },
    "donation_meta": {
        "title": "Adding Hearts-Donation",
        "og_title": "Adding Hearts is the best",
        "description": "Adding Hearts is the best place.",
        "locale": "en_US",
        "image": "https://adding-hearts.vercel.app/images/Donation OG Image.png",
        "image_alt": "hero-benner-1",
        "twitter_card": "summary_large_image",
        "twitter_image": "https://adding-hearts.vercel.app/images/Donation OG Image.png",
        "twitter_title": "Adding Hearts is the best place.",
        "twitter_description": "Adding Hearts is the best place.",
        "twitter_site": "@Adding Hearts",
        "twitter_creator": "@Adding Hearts"
    },
    "donation_form_meta": {
        "title": "Adding Hearts-Donation-form",
        "og_title": "Adding Hearts is the best",
        "description": "Adding Hearts is the best place.",
        "locale": "en_US",
        "image": "https://adding-hearts.vercel.app/images/Donation OG Image.png",
        "image_alt": "hero-benner-1",
        "twitter_card": "summary_large_image",
        "twitter_image": "https://adding-hearts.vercel.app/images/Donation OG Image.png",
        "twitter_title": "Adding Hearts is the best place.",
        "twitter_description": "Adding Hearts is the best place.",
        "twitter_site": "@Adding Hearts",
        "twitter_creator": "@Adding Hearts"
    },
    "donation_sucess_meta": {
        "title": "Adding Hearts-Donation-success",
        "og_title": "Adding Hearts is the best",
        "description": "Adding Hearts is the best place.",
        "locale": "en_US",
        "image": "https://adding-hearts.vercel.app/images/Donation OG Image.png",
        "image_alt": "hero-benner-1",
        "twitter_card": "summary_large_image",
        "twitter_image": "https://adding-hearts.vercel.app/images/Donation OG Image.png",
        "twitter_title": "Adding Hearts is the best place.",
        "twitter_description": "Adding Hearts is the best place.",
        "twitter_site": "@Adding Hearts",
        "twitter_creator": "@Adding Hearts"
    },
    "help_me_meta": {
        "title": "Adding Hearts-Help-me",
        "og_title": "Adding Hearts is the best",
        "description": "Adding Hearts is the best place.",
        "locale": "en_US",
        "image": "https://adding-hearts.vercel.app/images/Donation OG Image.png",
        "image_alt": "hero-benner-1",
        "twitter_card": "summary_large_image",
        "twitter_image": "https://adding-hearts.vercel.app/images/Donation OG Image.png",
        "twitter_title": "Adding Hearts is the best place.",
        "twitter_description": "Adding Hearts is the best place.",
        "twitter_site": "@Adding Hearts",
        "twitter_creator": "@Adding Hearts"
    },
    "news_meta": {
        "title": "Adding Hearts-News",
        "og_title": "Adding Hearts is the best",
        "description": "Adding Hearts is the best place.",
        "locale": "en_US",
        "image": "https://adding-hearts.vercel.app/images/Donation OG Image.png",
        "image_alt": "hero-benner-1",
        "twitter_card": "summary_large_image",
        "twitter_image": "https://adding-hearts.vercel.app/images/Donation OG Image.png",
        "twitter_title": "Adding Hearts is the best place.",
        "twitter_description": "Adding Hearts is the best place.",
        "twitter_site": "@Adding Hearts",
        "twitter_creator": "@Adding Hearts"
    },
    "news_details_meta": {
        "title": "Adding Hearts-News-detail",
        "og_title": "Adding Hearts is the best",
        "description": "Adding Hearts is the best place.",
        "locale": "en_US",
        "image": "https://adding-hearts.vercel.app/images/Donation OG Image.png",
        "image_alt": "hero-benner-1",
        "twitter_card": "summary_large_image",
        "twitter_image": "https://adding-hearts.vercel.app/images/Donation OG Image.png",
        "twitter_title": "Adding Hearts is the best place.",
        "twitter_description": "Adding Hearts is the best place.",
        "twitter_site": "@Adding Hearts",
        "twitter_creator": "@Adding Hearts"
    },
    "portfolio_meta": {
        "title": "Adding Hearts-Portfolio",
        "og_title": "Adding Hearts is the best",
        "description": "Adding Hearts is the best place.",
        "locale": "en_US",
        "image": "https://adding-hearts.vercel.app/images/Donation OG Image.png",
        "image_alt": "hero-benner-1",
        "twitter_card": "summary_large_image",
        "twitter_image": "https://adding-hearts.vercel.app/images/Donation OG Image.png",
        "twitter_title": "Adding Hearts is the best place.",
        "twitter_description": "Adding Hearts is the best place.",
        "twitter_site": "@Adding Hearts",
        "twitter_creator": "@Adding Hearts"
    },
    "portfolio_detail_meta": {
        "title": "Adding Hearts-Portfolio-detail",
        "og_title": "Adding Hearts is the best",
        "description": "Adding Hearts is the best place.",
        "locale": "en_US",
        "image": "https://adding-hearts.vercel.app/images/Donation OG Image.png",
        "image_alt": "hero-benner-1",
        "twitter_card": "summary_large_image",
        "twitter_image": "https://adding-hearts.vercel.app/images/Donation OG Image.png",
        "twitter_title": "Adding Hearts is the best place.",
        "twitter_description": "Adding Hearts is the best place.",
        "twitter_site": "@Adding Hearts",
        "twitter_creator": "@Adding Hearts"
    }
}