[
    {
        "title": "Donate who deserved",
        "label": "All the Lorem Ipsum generators on the Internet tend to repeat predefined chunks as necessary, making this the first true generator on the Internet. It uses a dictionary of over 200 Latin words",
        "details": [
            {
                "image": "/images/timeline-1.png",
                "alt": "../",
                "title": "Ut enim ad minim veniam, quis nostrud exercitation ullamco",
                "slug": "/donation"
            },
            {
                "image": "/images/timeline-2.png",
                "alt": "../",
                "title": "Ut enim ad minim veniam, quis nostrud exercitation ullamco",
                "slug": "/donation"
            },
            {
                "image": "/images/timeline-3.png",
                "alt": "../",
                "title": "Ut enim ad minim veniam, quis nostrud exercitation ullamco",
                "slug": "/donation"
            },
            {
                "image": "/images/timeline-4.png",
                "alt": "../",
                "title": "Ut enim ad minim veniam, quis nostrud exercitation ullamco",
                "slug": "/donation"
            },
            {
                "image": "/images/timeline-5.png",
                "alt": "../",
                "title": "Ut enim ad minim veniam, quis nostrud exercitation ullamco",
                "slug": "/donation"
            }
        ]
    }
]